site_id,date,value,unit,parameter_code,parameter_name,record_count,source
USGS-05447100,1987-10-13,8.6,mg/l,62855,Total Nitrogen,2,greenriver.xlsx
USGS-05447500,1980-03-05,9.25,mg/l,62855,Total Nitrogen,2,greenriver.xlsx
USGS-05447500,1980-03-31,11.375,mg/l,62855,Total Nitrogen,4,greenriver.xlsx
USGS-05447500,1980-04-21,16.55,mg/l,62855,Total Nitrogen,2,greenriver.xlsx
USGS-05447500,1980-05-19,9.8,mg/l,62855,Total Nitrogen,2,greenriver.xlsx
USGS-05447500,1980-06-16,17.2,mg/l,62855,Total Nitrogen,2,greenriver.xlsx
USGS-05447500,1980-07-07,9.85,mg/l,62855,Total Nitrogen,2,greenriver.xlsx
USGS-05447500,1980-08-18,14.15,mg/l,62855,Total Nitrogen,2,greenriver.xlsx
USGS-05447500,1980-09-16,12.85,mg/l,62855,Total Nitrogen,2,greenriver.xlsx
USGS-05447500,1980-10-21,10.4,mg/l,62855,Total Nitrogen,2,greenriver.xlsx
USGS-05447500,1980-11-25,6.75,mg/l,62855,Total Nitrogen,2,greenriver.xlsx
USGS-05447500,1980-12-10,20.85,mg/l,62855,Total Nitrogen,2,greenriver.xlsx
USGS-05447500,1981-01-21,6.75,mg/l,62855,Total Nitrogen,2,greenriver.xlsx
USGS-05447500,1981-02-10,7.95,mg/l,62855,Total Nitrogen,2,greenriver.xlsx
USGS-05447500,1981-03-10,14.15,mg/l,62855,Total Nitrogen,2,greenriver.xlsx
USGS-05447500,1981-04-28,25.15,mg/l,62855,Total Nitrogen,2,greenriver.xlsx
USGS-05447500,1981-07-16,9.85,mg/l,62855,Total Nitrogen,2,greenriver.xlsx
USGS-05447500,1981-07-28,11.0,mg/l,62855,Total Nitrogen,2,greenriver.xlsx
USGS-05447500,1981-08-18,15.95,mg/l,62855,Total Nitrogen,2,greenriver.xlsx
USGS-05447500,1981-09-22,7.4,mg/l,62855,Total Nitrogen,2,greenriver.xlsx
USGS-05447500,1981-12-01,13.45,mg/l,62855,Total Nitrogen,2,greenriver.xlsx
USGS-05447500,1982-01-26,9.2,mg/l,62855,Total Nitrogen,2,greenriver.xlsx
USGS-05447500,1982-04-27,15.95,mg/l,62855,Total Nitrogen,2,greenriver.xlsx
USGS-05447500,1982-05-11,11.65,mg/l,62855,Total Nitrogen,2,greenriver.xlsx
USGS-05447500,1982-11-10,12.9,mg/l,62855,Total Nitrogen,2,greenriver.xlsx
USGS-05447500,1983-01-12,19.0,mg/l,62855,Total Nitrogen,2,greenriver.xlsx
USGS-05447500,1983-03-09,17.15,mg/l,62855,Total Nitrogen,2,greenriver.xlsx
USGS-05447500,1983-04-13,23.25,mg/l,62855,Total Nitrogen,2,greenriver.xlsx
USGS-05447500,1983-05-18,19.0,mg/l,62855,Total Nitrogen,2,greenriver.xlsx
USGS-05447500,1983-07-06,19.05,mg/l,62855,Total Nitrogen,2,greenriver.xlsx
USGS-05447500,1983-11-15,5.35,mg/l,62855,Total Nitrogen,2,greenriver.xlsx
USGS-05447500,1984-02-01,8.55,mg/l,62855,Total Nitrogen,2,greenriver.xlsx
USGS-05447500,1984-03-05,12.3,mg/l,62855,Total Nitrogen,2,greenriver.xlsx
USGS-05447500,1984-04-10,16.55,mg/l,62855,Total Nitrogen,2,greenriver.xlsx
USGS-05447500,1984-05-15,17.15,mg/l,62855,Total Nitrogen,2,greenriver.xlsx
USGS-05447500,1984-06-19,21.45,mg/l,62855,Total Nitrogen,2,greenriver.xlsx
USGS-05447500,1984-07-18,8.55,mg/l,62855,Total Nitrogen,2,greenriver.xlsx
USGS-05447500,1984-08-28,3.0,mg/l,62855,Total Nitrogen,2,greenriver.xlsx
USGS-05447500,1984-10-03,2.7,mg/l,62855,Total Nitrogen,2,greenriver.xlsx
USGS-05447500,1984-11-13,14.15,mg/l,62855,Total Nitrogen,2,greenriver.xlsx
USGS-05447500,1985-01-23,13.5,mg/l,62855,Total Nitrogen,2,greenriver.xlsx
USGS-05447500,1985-03-14,20.25,mg/l,62855,Total Nitrogen,2,greenriver.xlsx
USGS-05447500,1985-04-24,15.35,mg/l,62855,Total Nitrogen,2,greenriver.xlsx
USGS-05447500,1985-05-14,12.9,mg/l,62855,Total Nitrogen,2,greenriver.xlsx
USGS-05447500,1985-06-17,7.3,mg/l,62855,Total Nitrogen,2,greenriver.xlsx
USGS-05447500,1985-07-22,3.8,mg/l,62855,Total Nitrogen,2,greenriver.xlsx
USGS-05447500,1985-10-16,8.0,mg/l,62855,Total Nitrogen,2,greenriver.xlsx
USGS-05447500,1985-11-07,20.85,mg/l,62855,Total Nitrogen,2,greenriver.xlsx
USGS-05447500,1985-12-18,19.0,mg/l,62855,Total Nitrogen,2,greenriver.xlsx
USGS-05447500,1986-02-04,32.0,mg/l,62855,Total Nitrogen,2,greenriver.xlsx
USGS-05447500,1986-04-16,8.6,mg/l,62855,Total Nitrogen,2,greenriver.xlsx
USGS-05447500,1986-05-14,5.949999999999999,mg/l,62855,Total Nitrogen,2,greenriver.xlsx
USGS-05447500,1986-06-06,22.05,mg/l,62855,Total Nitrogen,2,greenriver.xlsx
USGS-05447500,1986-07-16,20.25,mg/l,62855,Total Nitrogen,2,greenriver.xlsx
USGS-05447500,1986-09-24,4.6,mg/l,62855,Total Nitrogen,2,greenriver.xlsx
USGS-05447500,1986-10-07,18.4,mg/l,62855,Total Nitrogen,2,greenriver.xlsx
USGS-05447500,1986-11-19,12.3,mg/l,62855,Total Nitrogen,2,greenriver.xlsx
USGS-05447500,1987-01-13,11.7,mg/l,62855,Total Nitrogen,2,greenriver.xlsx
USGS-05447500,1987-02-24,9.25,mg/l,62855,Total Nitrogen,2,greenriver.xlsx
USGS-05447500,1987-03-24,9.85,mg/l,62855,Total Nitrogen,2,greenriver.xlsx
USGS-05447500,1987-05-27,32.0,mg/l,62855,Total Nitrogen,2,greenriver.xlsx
USGS-05447500,1987-07-14,4.35,mg/l,62855,Total Nitrogen,2,greenriver.xlsx
USGS-05447500,1987-08-10,6.15,mg/l,62855,Total Nitrogen,2,greenriver.xlsx
USGS-05447500,1987-09-22,13.5,mg/l,62855,Total Nitrogen,2,greenriver.xlsx
USGS-05447500,1987-10-14,9.15,mg/l,62855,Total Nitrogen,4,greenriver.xlsx
USGS-05447500,1987-11-24,11.05,mg/l,62855,Total Nitrogen,2,greenriver.xlsx
USGS-05447500,1988-01-20,26.35,mg/l,62855,Total Nitrogen,2,greenriver.xlsx
USGS-05447500,1988-02-25,13.5,mg/l,62855,Total Nitrogen,2,greenriver.xlsx
USGS-05447500,1988-04-14,19.6,mg/l,62855,Total Nitrogen,2,greenriver.xlsx
USGS-05447500,1988-05-17,11.7,mg/l,62855,Total Nitrogen,2,greenriver.xlsx
USGS-05447500,1988-07-14,4.9,mg/l,62855,Total Nitrogen,2,greenriver.xlsx
USGS-05447500,1988-09-21,2.15,mg/l,62855,Total Nitrogen,2,greenriver.xlsx
USGS-05447500,1988-10-19,2.45,mg/l,62855,Total Nitrogen,2,greenriver.xlsx
USGS-05447500,1988-11-22,3.55,mg/l,62855,Total Nitrogen,2,greenriver.xlsx
USGS-05447500,1989-01-11,6.7,mg/l,62855,Total Nitrogen,2,greenriver.xlsx
USGS-05447500,1989-02-22,3.0,mg/l,62855,Total Nitrogen,2,greenriver.xlsx
USGS-05447500,1989-03-22,9.8,mg/l,62855,Total Nitrogen,2,greenriver.xlsx
USGS-05447500,1989-06-27,4.05,mg/l,62855,Total Nitrogen,2,greenriver.xlsx
USGS-05447500,1989-09-15,23.9,mg/l,62855,Total Nitrogen,2,greenriver.xlsx
USGS-05447500,1989-09-20,15.3,mg/l,62855,Total Nitrogen,2,greenriver.xlsx
USGS-05447500,1989-10-25,5.15,mg/l,62855,Total Nitrogen,2,greenriver.xlsx
USGS-05447500,1989-11-06,4.35,mg/l,62855,Total Nitrogen,2,greenriver.xlsx
USGS-05447500,1989-11-28,4.6,mg/l,62855,Total Nitrogen,2,greenriver.xlsx
USGS-05447500,1989-12-18,5.45,mg/l,62855,Total Nitrogen,2,greenriver.xlsx
USGS-05447500,1990-01-22,9.2,mg/l,62855,Total Nitrogen,2,greenriver.xlsx
USGS-05447500,1990-03-06,24.5,mg/l,62855,Total Nitrogen,2,greenriver.xlsx
USGS-05447500,1990-04-18,23.25,mg/l,62855,Total Nitrogen,2,greenriver.xlsx
USGS-05447500,1990-05-22,32.5,mg/l,62855,Total Nitrogen,2,greenriver.xlsx
USGS-05447500,1990-06-15,36.0,mg/l,62855,Total Nitrogen,2,greenriver.xlsx
USGS-05447500,1990-07-26,22.1,mg/l,62855,Total Nitrogen,2,greenriver.xlsx
USGS-05447500,1990-09-11,9.85,mg/l,62855,Total Nitrogen,2,greenriver.xlsx
USGS-05447500,1990-10-22,16.55,mg/l,62855,Total Nitrogen,2,greenriver.xlsx
USGS-05447500,1990-11-28,28.0,mg/l,62855,Total Nitrogen,2,greenriver.xlsx
USGS-05447500,1991-01-28,14.1,mg/l,62855,Total Nitrogen,2,greenriver.xlsx
USGS-05447500,1991-02-22,14.75,mg/l,62855,Total Nitrogen,2,greenriver.xlsx
USGS-05447500,1991-03-19,32.5,mg/l,62855,Total Nitrogen,2,greenriver.xlsx
USGS-05447500,1991-04-22,22.65,mg/l,62855,Total Nitrogen,2,greenriver.xlsx
USGS-05447500,1991-05-29,29.5,mg/l,62855,Total Nitrogen,2,greenriver.xlsx
USGS-05447500,1991-06-17,17.15,mg/l,62855,Total Nitrogen,2,greenriver.xlsx
USGS-05447500,1991-07-11,7.95,mg/l,62855,Total Nitrogen,2,greenriver.xlsx
USGS-05447500,1991-09-19,2.7,mg/l,62855,Total Nitrogen,2,greenriver.xlsx
USGS-05447500,1991-10-29,6.15,mg/l,62855,Total Nitrogen,2,greenriver.xlsx
USGS-05447500,1991-11-26,15.35,mg/l,62855,Total Nitrogen,2,greenriver.xlsx
USGS-05447500,1991-12-11,26.95,mg/l,62855,Total Nitrogen,2,greenriver.xlsx
USGS-05447500,1992-01-14,19.6,mg/l,62855,Total Nitrogen,2,greenriver.xlsx
USGS-05447500,1992-03-02,22.7,mg/l,62855,Total Nitrogen,2,greenriver.xlsx
USGS-05447500,1992-04-13,12.25,mg/l,62855,Total Nitrogen,2,greenriver.xlsx
USGS-05447500,1992-05-11,12.85,mg/l,62855,Total Nitrogen,2,greenriver.xlsx
USGS-05447500,1992-06-09,6.75,mg/l,62855,Total Nitrogen,2,greenriver.xlsx
USGS-05447500,1992-08-06,20.8,mg/l,62855,Total Nitrogen,2,greenriver.xlsx
USGS-05447500,1992-09-02,7.35,mg/l,62855,Total Nitrogen,2,greenriver.xlsx
USGS-05447500,1993-03-17,14.05,mg/l,62855,Total Nitrogen,2,greenriver.xlsx
USGS-05447500,1993-05-05,19.05,mg/l,62855,Total Nitrogen,2,greenriver.xlsx
USGS-05447500,1994-05-16,10.4,mg/l,62855,Total Nitrogen,2,greenriver.xlsx
USGS-05447500,1994-06-29,28.0,mg/l,62855,Total Nitrogen,2,greenriver.xlsx
USGS-05447500,1994-08-10,3.55,mg/l,62855,Total Nitrogen,2,greenriver.xlsx
USGS-05447500,1994-09-27,8.0,mg/l,62855,Total Nitrogen,2,greenriver.xlsx
USGS-05447500,1994-10-25,5.15,mg/l,62855,Total Nitrogen,2,greenriver.xlsx
USGS-05447500,1994-12-13,16.5,mg/l,62855,Total Nitrogen,2,greenriver.xlsx
USGS-05447500,1995-01-23,16.55,mg/l,62855,Total Nitrogen,2,greenriver.xlsx
USGS-05447500,1995-03-13,16.5,mg/l,62855,Total Nitrogen,2,greenriver.xlsx
USGS-05447500,1995-04-18,19.05,mg/l,62855,Total Nitrogen,2,greenriver.xlsx
USGS-05447500,1995-05-16,22.7,mg/l,62855,Total Nitrogen,2,greenriver.xlsx
USGS-05447500,1995-07-11,19.65,mg/l,62855,Total Nitrogen,2,greenriver.xlsx
USGS-05447500,1995-08-16,8.0,mg/l,62855,Total Nitrogen,2,greenriver.xlsx
USGS-05447500,1995-09-20,6.8,mg/l,62855,Total Nitrogen,2,greenriver.xlsx
USGS-05447500,1995-10-31,4.4,mg/l,62855,Total Nitrogen,2,greenriver.xlsx
USGS-05447500,1995-12-20,9.25,mg/l,62855,Total Nitrogen,2,greenriver.xlsx
USGS-05447500,1996-02-26,6.75,mg/l,62855,Total Nitrogen,2,greenriver.xlsx
USGS-05447500,1996-04-09,6.75,mg/l,62855,Total Nitrogen,2,greenriver.xlsx
USGS-05447500,1996-05-07,11.0,mg/l,62855,Total Nitrogen,2,greenriver.xlsx
USGS-05447500,1996-06-18,29.5,mg/l,62855,Total Nitrogen,2,greenriver.xlsx
USGS-05447500,1996-07-17,14.75,mg/l,62855,Total Nitrogen,2,greenriver.xlsx
USGS-05447500,1996-08-28,8.6,mg/l,62855,Total Nitrogen,2,greenriver.xlsx
USGS-05447500,1996-10-16,2.39,mg/l,62855,Total Nitrogen,2,greenriver.xlsx
USGS-05447500,1997-01-08,11.0,mg/l,62855,Total Nitrogen,2,greenriver.xlsx
USGS-05447500,1997-03-04,15.3,mg/l,62855,Total Nitrogen,2,greenriver.xlsx
USGS-05447500,1997-04-21,14.1,mg/l,62855,Total Nitrogen,2,greenriver.xlsx
USGS-05447500,2009-12-15,4.5,mg/l,62855,Total Nitrogen,2,greenriver.xlsx
USGS-412911089540101,2013-05-08,6.45,mg/l,62855,Total Nitrogen,1,greenriver.xlsx
USGS-412911089540101,2013-05-15,5.33,mg/l,62855,Total Nitrogen,1,greenriver.xlsx
USGS-412911089540101,2013-05-20,4.34,mg/l,62855,Total Nitrogen,1,greenriver.xlsx
USGS-412911089540101,2013-05-30,7.15,mg/l,62855,Total Nitrogen,1,greenriver.xlsx
USGS-412911089540101,2013-06-13,6.22,mg/l,62855,Total Nitrogen,1,greenriver.xlsx
USGS-412911089540101,2013-06-18,17.1,mg/l,62855,Total Nitrogen,1,greenriver.xlsx
USGS-412911089540101,2013-06-26,12.7,mg/l,62855,Total Nitrogen,1,greenriver.xlsx
USGS-412911089540101,2013-07-09,5.87,mg/l,62855,Total Nitrogen,1,greenriver.xlsx
USGS-412911089540101,2013-07-16,3.32,mg/l,62855,Total Nitrogen,1,greenriver.xlsx
USGS-412911089540101,2013-07-22,1.73,mg/l,62855,Total Nitrogen,1,greenriver.xlsx
USGS-412911089540101,2013-07-29,0.96,mg/l,62855,Total Nitrogen,1,greenriver.xlsx
USGS-412911089540101,2013-08-06,0.65,mg/l,62855,Total Nitrogen,1,greenriver.xlsx
USGS-NARS_WQX-FW08IL011,2008-09-24,3688.0,mg/L,62855,Total Nitrogen,1,greenriver.xlsx
USGS-NARS_WQX-FW08IL011,2008-10-07,3675.0,mg/L,62855,Total Nitrogen,1,greenriver.xlsx
USGS-NARS_WQX-ILR9-0902,2013-07-24,1.426,mg/L,62855,Total Nitrogen,1,greenriver.xlsx
USGS-NARS_WQX-ILR9-0902,2013-08-13,0.32,mg/L,62855,Total Nitrogen,1,greenriver.xlsx
USGS-NARS_WQX-NRS_IL-10182,2023-08-09,1.79,mg/L,62855,Total Nitrogen,1,greenriver.xlsx
